ID,Title,Content,Excerpt,Date,"Post Type",Permalink,_elementor_page_settings,_oembed_5e79e90bb7eaa1f24124eda02d5f6e08,_oembed_7938ec3bdec403f3e33b67eda5bb19e2,_oembed_time_5e79e90bb7eaa1f24124eda02d5f6e08,_thumbnail_id,_vc_post_settings,_wp_old_slug,_wpb_vc_js_status,basekit_options,count_items,eael_transient_elements,eg_custom_meta_216,eg_featured_grid,eg_html5_ratio,eg_settings_custom_meta_element,eg_settings_custom_meta_setting,eg_settings_custom_meta_skin,eg_settings_custom_meta_style,eg_soundcloud_ratio,eg_sources_essgrid,eg_sources_html5_mp4,eg_sources_html5_ogv,eg_sources_html5_webm,eg_sources_iframe,eg_sources_image,eg_sources_revslider,eg_sources_soundcloud,eg_sources_vimeo,eg_sources_wistia,eg_sources_youtube,eg_vimeo_ratio,eg_votes_count,eg_wistia_ratio,eg_youtube_ratio,rs_page_bg_color,slide_template,trx_addons_options,trx_addons_post_likes_count,trx_addons_post_views_count,trx_addons_properties_address,trx_addons_properties_agent,trx_addons_properties_area_size,trx_addons_properties_bathrooms,trx_addons_properties_bedrooms,trx_addons_properties_garages,trx_addons_properties_id,trx_addons_properties_price,trx_addons_properties_zip,Type,Status,Features,Labels,Country,County/State,City,Neighborhood,"Image URL","Images Filename","Images Path","Images ID","Images Title","Images Caption","Images Description","Images Alt Text","Attachment URL","Attachments Filename","Attachments Path","Attachments ID","Attachments Title","Attachments Caption","Attachments Description","Attachments Alt Text",Status,"Author ID","Author Username","Author Email","Author First Name","Author Last Name",Slug,Format,Template,Parent,"Parent Slug",Order,"Comment Status","Ping Status","Post Modified Date"
1747,"Gorgeous villa bay view","Lorem ipsum dolor sit amet, consectetuer adipiscing elit, sed diam nonummy nibh euismod tincidunt ut laoreet dolore magna aliquam erat volutpat. Ut wisi enim ad minim veniam, quis nostrud exerci tation ullamcorper suscipit lobortis nisl ut aliquip ex ea commodo consequat. Duis autem vel eum iriure dolor in hendrerit in vulputate velit esse molestie consequat, vel illum dolore eu feugiat nulla facilisis at vero eros et accumsan et iusto odio dignissim qui blandit praesent luptatum zzril delenit augue duis dolore te feugait nulla facilisi.

Nam liber tempor cum soluta nobis eleifend option congue nihil imperdiet doming id quod mazim placerat facer possim assum. Typi non habent claritatem insitam; est usus legentis in iis qui facit eorum claritatem. Investigationes demonstraverunt lectores legere me lius quod ii legunt saepius. Claritas est etiam processus dynamicus, qui sequitur mutationem consuetudium lectorum. Mirum est notare quam littera gothica, quam nunc putamus parum claram, anteposuerit litterarum formas humanitatis per seacula quarta decima et quinta decima. Eodem modo typi, qui nunc nobis videntur parum clari, fiant sollemnes in futurum.<del datetime=""2017-02-27T12:19:52+00:00""></del>","Ut wisi enim ad minim veniam, quis nostrud exerci tation ullamcorper suscipit lobortis nisl ut aliquip ex ea commodo consequat.","February 20, 2017",cpt_properties,http://basekit.gerasko.dv.ancorathemes.com/properties/gorgeous-villa-bay-view/,a:0:{},"<iframe width=""1170"" height=""658"" src=""https://www.youtube.com/embed/QLU6QlgAyvU?feature=oembed"" frameborder=""0"" allowfullscreen></iframe>",{{unknown}},1487586795,1752,,,false,a:0:{},0,a:0:{},true,,0,,,,,0,,,,,,,,,,,,0,0,0,0,,,"a:36:{s:12:""before_price"";s:16:""For Sale or Rent"";s:5:""price"";s:6:""100000"";s:6:""price2"";s:4:""1200"";s:11:""after_price"";s:11:""$ per month"";s:9:""area_size"";s:3:""120"";s:16:""area_size_prefix"";s:3:""m^2"";s:9:""land_size"";s:4:""0.07"";s:16:""land_size_prefix"";s:2:""ga"";s:8:""bedrooms"";s:1:""2"";s:9:""bathrooms"";s:1:""1"";s:7:""garages"";s:1:""1"";s:11:""garage_size"";s:6:""2 auto"";s:5:""built"";s:4:""2012"";s:2:""id"";s:4:""h001"";s:7:""country"";s:3:""152"";s:5:""state"";s:1:""0"";s:4:""city"";s:3:""163"";s:12:""neighborhood"";s:3:""179"";s:7:""address"";s:16:""307S, 7th Street"";s:3:""zip"";s:8:""CA 90013"";s:8:""show_map"";s:1:""1"";s:6:""marker"";s:0:"""";s:8:""location"";s:40:""34.04640127074641,-118.21493446826936,18"";s:7:""gallery"";s:374:""http://basekit.gerasko.dv.ancorathemes.com/wp-content/uploads/2017/02/apartment-bath-room-1.jpg|http://basekit.gerasko.dv.ancorathemes.com/wp-content/uploads/2017/02/apartment-bed-room-1.jpg|http://basekit.gerasko.dv.ancorathemes.com/wp-content/uploads/2017/02/apartment-living-room-1.jpg|http://basekit.gerasko.dv.ancorathemes.com/wp-content/uploads/2017/02/apartment-4.jpg"";s:5:""video"";s:43:""https://www.youtube.com/watch?v=QLU6QlgAyvU"";s:17:""video_description"";s:619:""Nam liber tempor cum soluta nobis eleifend option congue nihil imperdiet doming id quod mazim placerat facer possim assum. Typi non habent claritatem insitam; est usus legentis in iis qui facit eorum claritatem. Investigationes demonstraverunt lectores legere me lius quod ii legunt saepius. Claritas est etiam processus dynamicus, qui sequitur mutationem consuetudium lectorum. 
Mirum est notare quam littera gothica, quam nunc putamus parum claram, anteposuerit litterarum formas humanitatis per seacula quarta decima et quinta decima. Eodem modo typi, qui nunc nobis videntur parum clari, fiant sollemnes in futurum."";s:12:""virtual_tour"";s:88:""http://www.easypano.com/gallery/Tourweaver/780/flash/Real-Estate-Virtual-Tour/index.html"";s:24:""virtual_tour_description"";s:619:""Nam liber tempor cum soluta nobis eleifend option congue nihil imperdiet doming id quod mazim placerat facer possim assum. Typi non habent claritatem insitam; est usus legentis in iis qui facit eorum claritatem. Investigationes demonstraverunt lectores legere me lius quod ii legunt saepius. Claritas est etiam processus dynamicus, qui sequitur mutationem consuetudium lectorum. 
Mirum est notare quam littera gothica, quam nunc putamus parum claram, anteposuerit litterarum formas humanitatis per seacula quarta decima et quinta decima. Eodem modo typi, qui nunc nobis videntur parum clari, fiant sollemnes in futurum."";s:11:""attachments"";s:266:""http://basekit.gerasko.dv.ancorathemes.com/wp-content/uploads/2017/02/ThemeForest-Updates.txt|http://basekit.gerasko.dv.ancorathemes.com/wp-content/uploads/2017/02/themes-to-fix.txt|http://basekit.gerasko.dv.ancorathemes.com/wp-content/uploads/2017/02/tournament.txt"";s:23:""attachments_description"";s:379:""Nam liber tempor cum soluta nobis eleifend option congue nihil imperdiet doming id quod mazim placerat facer possim assum. Typi non habent claritatem insitam; est usus legentis in iis qui facit eorum claritatem. 
Investigationes demonstraverunt lectores legere me lius quod ii legunt saepius. Claritas est etiam processus dynamicus, qui sequitur mutationem consuetudium lectorum."";s:18:""floor_plans_enable"";s:1:""1"";s:11:""floor_plans"";a:2:{i:0;a:6:{s:5:""title"";s:11:""First floor"";s:4:""area"";s:11:""1234 sq.ft."";s:8:""bedrooms"";s:1:""2"";s:9:""bathrooms"";s:1:""1"";s:5:""image"";s:90:""http://basekit.gerasko.dv.ancorathemes.com/wp-content/uploads/2017/02/apartment-plan-2.jpg"";s:11:""description"";s:402:""Phasellus felis ipsum, porta at leo ut, dictum mattis massa. Nullam eget viverra justo, sit amet blandit diam. Sed non ex sagittis, condimentum est a, pharetra erat. Aenean pharetra commodo ullamcorper.
Nulla imperdiet ex et quam elementum, vitae mattis mauris accumsan. Vestibulum ante ipsum primis in faucibus orci luctus et ultrices posuere cubilia Curae; Nullam eu sapien eget lacus eleifend porta."";}i:1;a:6:{s:5:""title"";s:12:""Second floor"";s:4:""area"";s:11:""1000 sq.ft."";s:8:""bedrooms"";s:1:""2"";s:9:""bathrooms"";s:1:""2"";s:5:""image"";s:90:""http://basekit.gerasko.dv.ancorathemes.com/wp-content/uploads/2017/02/apartment-plan-1.jpg"";s:11:""description"";s:297:""Nullam eget viverra justo, sit amet blandit diam. Sed non ex sagittis, condimentum est a, pharetra erat. Aenean pharetra commodo ullamcorper.
Nulla imperdiet ex et quam elementum, vitae mattis mauris accumsan. Vestibulum ante ipsum primis in faucibus orci luctus et ultrices posuere cubilia Curae."";}}s:14:""details_enable"";s:1:""1"";s:7:""details"";a:5:{i:0;a:2:{s:5:""title"";s:7:""Deposit"";s:5:""value"";s:3:""20%"";}i:1;a:2:{s:5:""title"";s:9:""Pool size"";s:5:""value"";s:10:""300 sq.ft."";}i:2;a:2:{s:5:""title"";s:12:""Last remodel"";s:5:""value"";s:4:""2015"";}i:3;a:2:{s:5:""title"";s:16:""Additional rooms"";s:5:""value"";s:10:""Guest bath"";}i:4;a:2:{s:5:""title"";s:8:""Equpment"";s:5:""value"";s:11:""Grill - Gas"";}}s:10:""agent_type"";s:5:""agent"";s:5:""agent"";s:4:""1770"";}",0,706,"307S, 7th Street",1770,120,1,2,1,h001,100000,"CA 90013",Villa,"For Rent,For Sale","Air Conditioning,Barbeque,Dryer,Laundry,Microwave,Swimming Pool,WiFi",New,"United States",,"Los Angelos","Little Tokiyo",http://basekit.gerasko.dv.ancorathemes.com/wp-content/uploads/2017/02/apartment-5.jpg||http://basekit.gerasko.dv.ancorathemes.com/wp-content/uploads/2017/02/city-new-york.jpg||http://basekit.gerasko.dv.ancorathemes.com/wp-content/uploads/2017/02/city-miami-beach.jpg||http://basekit.gerasko.dv.ancorathemes.com/wp-content/uploads/2017/02/city-los-angeles.jpg||http://basekit.gerasko.dv.ancorathemes.com/wp-content/uploads/2017/02/city-chicago.jpg||http://basekit.gerasko.dv.ancorathemes.com/wp-content/uploads/2017/02/apartment-studio-room-1.jpg||http://basekit.gerasko.dv.ancorathemes.com/wp-content/uploads/2017/02/apartment-pool-1.jpg||http://basekit.gerasko.dv.ancorathemes.com/wp-content/uploads/2017/02/apartment-plan-2.jpg||http://basekit.gerasko.dv.ancorathemes.com/wp-content/uploads/2017/02/apartment-plan-1.jpg||http://basekit.gerasko.dv.ancorathemes.com/wp-content/uploads/2017/02/apartment-living-room-3.jpg||http://basekit.gerasko.dv.ancorathemes.com/wp-content/uploads/2017/02/apartment-living-room-2.jpg||http://basekit.gerasko.dv.ancorathemes.com/wp-content/uploads/2017/02/apartment-living-room-1.jpg||http://basekit.gerasko.dv.ancorathemes.com/wp-content/uploads/2017/02/apartment-bed-room-1.jpg||http://basekit.gerasko.dv.ancorathemes.com/wp-content/uploads/2017/02/apartment-bath-room-1.jpg||http://basekit.gerasko.dv.ancorathemes.com/wp-content/uploads/2017/02/apartment-4.jpg||http://basekit.gerasko.dv.ancorathemes.com/wp-content/uploads/2017/02/apartment-3.jpg||http://basekit.gerasko.dv.ancorathemes.com/wp-content/uploads/2017/02/apartment-2.jpg||http://basekit.gerasko.dv.ancorathemes.com/wp-content/uploads/2017/02/apartment-1.jpg,apartment-5.jpg||city-new-york.jpg||city-miami-beach.jpg||city-los-angeles.jpg||city-chicago.jpg||apartment-studio-room-1.jpg||apartment-pool-1.jpg||apartment-plan-2.jpg||apartment-plan-1.jpg||apartment-living-room-3.jpg||apartment-living-room-2.jpg||apartment-living-room-1.jpg||apartment-bed-room-1.jpg||apartment-bath-room-1.jpg||apartment-4.jpg||apartment-3.jpg||apartment-2.jpg||apartment-1.jpg,/var/www/vhosts/gerasko.dv.ancorathemes.com/basekit.gerasko.dv.ancorathemes.com/wp-content/uploads/2017/02/apartment-5.jpg||/var/www/vhosts/gerasko.dv.ancorathemes.com/basekit.gerasko.dv.ancorathemes.com/wp-content/uploads/2017/02/city-new-york.jpg||/var/www/vhosts/gerasko.dv.ancorathemes.com/basekit.gerasko.dv.ancorathemes.com/wp-content/uploads/2017/02/city-miami-beach.jpg||/var/www/vhosts/gerasko.dv.ancorathemes.com/basekit.gerasko.dv.ancorathemes.com/wp-content/uploads/2017/02/city-los-angeles.jpg||/var/www/vhosts/gerasko.dv.ancorathemes.com/basekit.gerasko.dv.ancorathemes.com/wp-content/uploads/2017/02/city-chicago.jpg||/var/www/vhosts/gerasko.dv.ancorathemes.com/basekit.gerasko.dv.ancorathemes.com/wp-content/uploads/2017/02/apartment-studio-room-1.jpg||/var/www/vhosts/gerasko.dv.ancorathemes.com/basekit.gerasko.dv.ancorathemes.com/wp-content/uploads/2017/02/apartment-pool-1.jpg||/var/www/vhosts/gerasko.dv.ancorathemes.com/basekit.gerasko.dv.ancorathemes.com/wp-content/uploads/2017/02/apartment-plan-2.jpg||/var/www/vhosts/gerasko.dv.ancorathemes.com/basekit.gerasko.dv.ancorathemes.com/wp-content/uploads/2017/02/apartment-plan-1.jpg||/var/www/vhosts/gerasko.dv.ancorathemes.com/basekit.gerasko.dv.ancorathemes.com/wp-content/uploads/2017/02/apartment-living-room-3.jpg||/var/www/vhosts/gerasko.dv.ancorathemes.com/basekit.gerasko.dv.ancorathemes.com/wp-content/uploads/2017/02/apartment-living-room-2.jpg||/var/www/vhosts/gerasko.dv.ancorathemes.com/basekit.gerasko.dv.ancorathemes.com/wp-content/uploads/2017/02/apartment-living-room-1.jpg||/var/www/vhosts/gerasko.dv.ancorathemes.com/basekit.gerasko.dv.ancorathemes.com/wp-content/uploads/2017/02/apartment-bed-room-1.jpg||/var/www/vhosts/gerasko.dv.ancorathemes.com/basekit.gerasko.dv.ancorathemes.com/wp-content/uploads/2017/02/apartment-bath-room-1.jpg||/var/www/vhosts/gerasko.dv.ancorathemes.com/basekit.gerasko.dv.ancorathemes.com/wp-content/uploads/2017/02/apartment-4.jpg||/var/www/vhosts/gerasko.dv.ancorathemes.com/basekit.gerasko.dv.ancorathemes.com/wp-content/uploads/2017/02/apartment-3.jpg||/var/www/vhosts/gerasko.dv.ancorathemes.com/basekit.gerasko.dv.ancorathemes.com/wp-content/uploads/2017/02/apartment-2.jpg||/var/www/vhosts/gerasko.dv.ancorathemes.com/basekit.gerasko.dv.ancorathemes.com/wp-content/uploads/2017/02/apartment-1.jpg,1752||1765||1764||1763||1762||1761||1760||1759||1758||1757||1756||1755||1754||1753||1751||1750||1749||1748,apartment-5||city-new-york||city-miami-beach||city-los-angeles||city-chicago||apartment-studio-room-1||apartment-pool-1||apartment-plan-2||apartment-plan-1||apartment-living-room-3||apartment-living-room-2||apartment-living-room-1||apartment-bed-room-1||apartment-bath-room-1||apartment-4||apartment-3||apartment-2||apartment-1,"||||||||||The modern style of decorations||The house of my dream||||||||||||||||||||||","||||||||||The modern style of decorations description||The house of my dream description||||||||||||||||||||||","||||||||||Alter text for the apartment studio||Alter text for the apartment pool||||||||||||||||||||||",http://basekit.gerasko.dv.ancorathemes.com/wp-content/uploads/2017/02/tournament.txt||http://basekit.gerasko.dv.ancorathemes.com/wp-content/uploads/2017/02/themes-to-fix.txt||http://basekit.gerasko.dv.ancorathemes.com/wp-content/uploads/2017/02/ThemeForest-Updates.txt,tournament.txt||themes-to-fix.txt||ThemeForest-Updates.txt,/var/www/vhosts/gerasko.dv.ancorathemes.com/basekit.gerasko.dv.ancorathemes.com/wp-content/uploads/2017/02/tournament.txt||/var/www/vhosts/gerasko.dv.ancorathemes.com/basekit.gerasko.dv.ancorathemes.com/wp-content/uploads/2017/02/themes-to-fix.txt||/var/www/vhosts/gerasko.dv.ancorathemes.com/basekit.gerasko.dv.ancorathemes.com/wp-content/uploads/2017/02/ThemeForest-Updates.txt,1774||1773||1772,"tournament||themes-to-fix||ThemeForest Updates",,,,publish,1,admin_admin,test@test.com,,,gorgeous-villa-bay-view,,,0,0,0,open,closed,"February 10, 2020"
1775,"Awesome family home","Lorem ipsum dolor sit amet, consectetuer adipiscing elit, sed diam nonummy nibh euismod tincidunt ut laoreet dolore magna aliquam erat volutpat. Ut wisi enim ad minim veniam, quis nostrud exerci tation ullamcorper suscipit lobortis nisl ut aliquip ex ea commodo consequat. Duis autem vel eum iriure dolor in hendrerit in vulputate velit esse molestie consequat, vel illum dolore eu feugiat nulla facilisis at vero eros et accumsan et iusto odio dignissim qui blandit praesent luptatum zzril delenit augue duis dolore te feugait nulla facilisi.

Nam liber tempor cum soluta nobis eleifend option congue nihil imperdiet doming id quod mazim placerat facer possim assum. Typi non habent claritatem insitam; est usus legentis in iis qui facit eorum claritatem. Investigationes demonstraverunt lectores legere me lius quod ii legunt saepius. Claritas est etiam processus dynamicus, qui sequitur mutationem consuetudium lectorum. Mirum est notare quam littera gothica, quam nunc putamus parum claram, anteposuerit litterarum formas humanitatis per seacula quarta decima et quinta decima. Eodem modo typi, qui nunc nobis videntur parum clari, fiant sollemnes in futurum.","Ut wisi enim ad minim veniam, quis nostrud exerci tation ullamcorper suscipit lobortis nisl ut aliquip ex ea commodo consequat.","February 16, 2017",cpt_properties,http://basekit.gerasko.dv.ancorathemes.com/properties/awesome-family-home/,,,,,1750,"a:1:{s:10:""vc_grid_id"";a:0:{}}",,false,a:0:{},,,,,0,,,,,0,,,,,,,,,,,,0,,0,0,,default,"a:36:{s:12:""before_price"";s:0:"""";s:5:""price"";s:6:""570000"";s:6:""price2"";s:4:""2700"";s:11:""after_price"";s:6:""sq.ft."";s:9:""area_size"";s:4:""1200"";s:16:""area_size_prefix"";s:6:""sq.ft."";s:9:""land_size"";s:0:"""";s:16:""land_size_prefix"";s:0:"""";s:8:""bedrooms"";s:1:""4"";s:9:""bathrooms"";s:1:""2"";s:7:""garages"";s:1:""1"";s:11:""garage_size"";s:9:""200 sq.ft"";s:5:""built"";s:4:""1997"";s:2:""id"";s:4:""h002"";s:7:""country"";s:3:""152"";s:5:""state"";s:3:""154"";s:4:""city"";s:3:""163"";s:12:""neighborhood"";s:3:""179"";s:7:""address"";s:16:""100, Wall Street"";s:3:""zip"";s:8:""CA 90013"";s:8:""show_map"";s:1:""1"";s:6:""marker"";s:0:"""";s:8:""location"";s:40:""34.04616065474252,-118.18773150444031,13"";s:7:""gallery"";s:257:""http://basekit.gerasko.dv.ancorathemes.com/wp-content/uploads/2017/02/apartment-3.jpg|http://basekit.gerasko.dv.ancorathemes.com/wp-content/uploads/2017/02/apartment-2.jpg|http://basekit.gerasko.dv.ancorathemes.com/wp-content/uploads/2017/02/apartment-4.jpg"";s:5:""video"";s:0:"""";s:17:""video_description"";s:0:"""";s:12:""virtual_tour"";s:0:"""";s:24:""virtual_tour_description"";s:0:"""";s:11:""attachments"";s:0:"""";s:23:""attachments_description"";s:0:"""";s:18:""floor_plans_enable"";s:1:""1"";s:11:""floor_plans"";a:2:{i:0;a:6:{s:5:""title"";s:11:""First floor"";s:4:""area"";s:11:""1000 sq.ft."";s:8:""bedrooms"";s:1:""2"";s:9:""bathrooms"";s:1:""1"";s:5:""image"";s:76:""http://basekit.gerasko.dv.ancorathemes.com/wp-content/uploads/2017/01/05.jpg"";s:11:""description"";s:351:""Etiam metus ante, interdum sit amet eleifend et, fringilla et ex. Maecenas condimentum, velit eget tempor mattis, nunc erat consequat libero, vel maximus odio tortor scelerisque erat. Etiam posuere eros tortor, sit amet auctor ipsum aliquam id. Nunc congue orci et ex molestie, quis bibendum odio fermentum. Praesent tempor ipsum ut tristique rhoncus."";}i:1;a:6:{s:5:""title"";s:12:""Second floor"";s:4:""area"";s:10:""856 sq.ft."";s:8:""bedrooms"";s:1:""2"";s:9:""bathrooms"";s:1:""1"";s:5:""image"";s:76:""http://basekit.gerasko.dv.ancorathemes.com/wp-content/uploads/2017/01/02.jpg"";s:11:""description"";s:202:""Cras ac fermentum lectus. Etiam in pretium purus, at auctor nisi. Vivamus nisi quam, dapibus non arcu quis, iaculis interdum purus. Phasellus condimentum consectetur orci, et commodo neque volutpat non."";}}s:14:""details_enable"";i:0;s:7:""details"";a:1:{i:0;a:2:{s:5:""title"";s:0:"""";s:5:""value"";s:0:"""";}}s:10:""agent_type"";s:5:""agent"";s:5:""agent"";s:4:""1770"";}",0,302,"100, Wall Street",1770,1200,2,4,1,h002,570000,"CA 90013",Lofts,"For Sale,Reduced price,Resale","Air Conditioning,Barbeque,Gym,Outdoor shower,Sauna,Swimming Pool,WiFi",Sale,"United States",California,"Los Angelos","Little Tokiyo",http://basekit.gerasko.dv.ancorathemes.com/wp-content/uploads/2017/02/apartment-3.jpg,apartment-3.jpg,/var/www/vhosts/gerasko.dv.ancorathemes.com/basekit.gerasko.dv.ancorathemes.com/wp-content/uploads/2017/02/apartment-3.jpg,1750,apartment-3,,,,,,,,,,,,publish,1,admin_admin,test@test.com,,,awesome-family-home,,,0,0,0,open,closed,"March 3, 2017"
1776,"Ample apartment at last floor","Aenean posuere libero massa, in facilisis lacus facilisis id. Nunc finibus mollis turpis sed interdum. Suspendisse cursus elit vel enim mollis, ut elementum diam egestas. Proin urna eros, vestibulum ac sodales sit amet, efficitur vitae est. Nulla mollis enim erat, et accumsan lectus commodo vulputate. Nullam tristique ornare egestas. Integer quis vulputate nunc, eu molestie diam. Sed placerat sapien at tempus vestibulum. Suspendisse sit amet egestas nulla, vel rhoncus enim. Integer lacinia eu nisl non commodo. Phasellus quis ex justo. In hac habitasse platea dictumst.

Nullam id enim ut orci ullamcorper ornare. Proin interdum, velit ac pretium eleifend, metus tortor ornare magna, non condimentum elit velit eu sapien. Sed ultricies felis massa, eget ultricies tellus porta sed. Praesent lobortis non risus ac ultrices. Praesent convallis commodo mi et feugiat. In congue mattis nulla. Phasellus felis ipsum, porta at leo ut, dictum mattis massa. Nullam eget viverra justo, sit amet blandit diam. Sed non ex sagittis, condimentum est a, pharetra erat. Aenean pharetra commodo ullamcorper. Nulla imperdiet ex et quam elementum, vitae mattis mauris accumsan. Vestibulum ante ipsum primis in faucibus orci luctus et ultrices posuere cubilia Curae; Nullam eu sapien eget lacus eleifend porta.",,"February 16, 2017",cpt_properties,http://basekit.gerasko.dv.ancorathemes.com/properties/ample-apartment-at-last-floor/,,,,,1757,"a:1:{s:10:""vc_grid_id"";a:0:{}}",,false,a:0:{},,,,,0,,,,,0,,,,,,,,,,,,0,,0,0,,default,"a:36:{s:12:""before_price"";s:8:""For sale"";s:5:""price"";s:6:""245000"";s:6:""price2"";s:3:""245"";s:11:""after_price"";s:7:""per m^2"";s:9:""area_size"";s:4:""1000"";s:16:""area_size_prefix"";s:3:""m^2"";s:9:""land_size"";s:3:""100"";s:16:""land_size_prefix"";s:3:""m^2"";s:8:""bedrooms"";s:1:""3"";s:9:""bathrooms"";s:1:""2"";s:7:""garages"";s:1:""1"";s:11:""garage_size"";s:6:""3 auto"";s:5:""built"";s:4:""2010"";s:2:""id"";s:4:""h003"";s:7:""country"";s:3:""152"";s:5:""state"";s:3:""154"";s:4:""city"";s:3:""163"";s:12:""neighborhood"";s:3:""178"";s:7:""address"";s:15:""250, N Broadway"";s:3:""zip"";s:8:""CA 90015"";s:8:""show_map"";s:1:""1"";s:6:""marker"";s:0:"""";s:8:""location"";s:40:""34.06150730490957,-118.23854547672119,17"";s:7:""gallery"";s:286:""http://basekit.gerasko.dv.ancorathemes.com/wp-content/uploads/2017/02/apartment-studio-room-1.jpg|http://basekit.gerasko.dv.ancorathemes.com/wp-content/uploads/2017/02/apartment-pool-1.jpg|http://basekit.gerasko.dv.ancorathemes.com/wp-content/uploads/2017/02/apartment-living-room-3.jpg"";s:5:""video"";s:0:"""";s:17:""video_description"";s:0:"""";s:12:""virtual_tour"";s:0:"""";s:24:""virtual_tour_description"";s:0:"""";s:11:""attachments"";s:0:"""";s:23:""attachments_description"";s:0:"""";s:18:""floor_plans_enable"";i:0;s:11:""floor_plans"";a:1:{i:0;a:6:{s:5:""title"";s:0:"""";s:4:""area"";s:0:"""";s:8:""bedrooms"";s:0:"""";s:9:""bathrooms"";s:0:"""";s:5:""image"";s:0:"""";s:11:""description"";s:0:"""";}}s:14:""details_enable"";i:0;s:7:""details"";a:1:{i:0;a:2:{s:5:""title"";s:0:"""";s:5:""value"";s:0:"""";}}s:10:""agent_type"";s:5:""agent"";s:5:""agent"";s:4:""1771"";}",0,27,"250, N Broadway",1771,1000,2,3,1,h003,245000,"CA 90015",Apartments,"For Sale,New Building,New Listing","Air Conditioning,Barbeque,Dryer,Gym,Laundry,Lawn",New,"United States",California,"Los Angelos",Chinatown,http://basekit.gerasko.dv.ancorathemes.com/wp-content/uploads/2017/02/apartment-living-room-3.jpg,apartment-living-room-3.jpg,/var/www/vhosts/gerasko.dv.ancorathemes.com/basekit.gerasko.dv.ancorathemes.com/wp-content/uploads/2017/02/apartment-living-room-3.jpg,1757,apartment-living-room-3,,,,,,,,,,,,publish,1,admin_admin,test@test.com,,,ample-apartment-at-last-floor,,,0,0,0,open,closed,"March 3, 2017"
1777,"Luxury home ocean view","Nullam id enim ut orci ullamcorper ornare. Proin interdum, velit ac pretium eleifend, metus tortor ornare magna, non condimentum elit velit eu sapien. Sed ultricies felis massa, eget ultricies tellus porta sed. Praesent lobortis non risus ac ultrices. Praesent convallis commodo mi et feugiat. In congue mattis nulla. Phasellus felis ipsum, porta at leo ut, dictum mattis massa. Nullam eget viverra justo, sit amet blandit diam. Sed non ex sagittis, condimentum est a, pharetra erat. Aenean pharetra commodo ullamcorper. Nulla imperdiet ex et quam elementum, vitae mattis mauris accumsan. Vestibulum ante ipsum primis in faucibus orci luctus et ultrices posuere cubilia Curae; Nullam eu sapien eget lacus eleifend porta.

In est sapien, placerat ut euismod et, vulputate id elit. Cras tempor, mauris sit amet suscipit lacinia, libero tellus consequat risus, eu sodales justo nisl id nisl. Mauris et aliquet nunc. Praesent ac facilisis justo. Nullam dapibus, metus vitae sollicitudin tristique, eros nibh porttitor massa, eu faucibus mauris leo ut metus. Nunc velit enim, scelerisque ac tempus facilisis, iaculis elementum dui. Maecenas sodales eros in purus vulputate posuere. In eget justo eget dolor faucibus porttitor et ut nisl. Duis ut nunc ut nisl eleifend varius. Donec aliquet quam erat, eget interdum odio blandit ultricies. Ut magna tellus, consequat eu mattis sit amet, eleifend eget felis. Phasellus pharetra quam pretium nisl accumsan euismod.","Proin interdum, velit ac pretium eleifend, metus tortor ornare magna, non condimentum elit velit eu sapien. Sed ultricies felis massa, eget ultricies tellus porta sed. Praesent lobortis non risus ac ultrices.","February 16, 2017",cpt_properties,http://basekit.gerasko.dv.ancorathemes.com/properties/luxury-home-ocean-view/,,,,,1748,"a:1:{s:10:""vc_grid_id"";a:0:{}}",,false,a:0:{},,,,,0,,,,,0,,,,,,,,,,,,0,,0,0,,default,"a:30:{s:12:""before_price"";s:16:""For Sale or Rent"";s:5:""price"";s:6:""320000"";s:6:""price2"";s:4:""3200"";s:11:""after_price"";s:11:""$ per month"";s:9:""area_size"";s:4:""2000"";s:16:""area_size_prefix"";s:6:""sq.ft."";s:9:""land_size"";s:3:""200"";s:16:""land_size_prefix"";s:3:""m^2"";s:8:""bedrooms"";s:1:""4"";s:9:""bathrooms"";s:1:""2"";s:7:""garages"";s:1:""2"";s:11:""garage_size"";s:9:""200 sq.ft"";s:5:""built"";s:4:""2015"";s:2:""id"";s:4:""h004"";s:7:""country"";s:3:""152"";s:5:""state"";s:3:""165"";s:4:""city"";s:3:""164"";s:12:""neighborhood"";s:1:""0"";s:7:""address"";s:18:""1, SE 14th Terrace"";s:3:""zip"";s:9:""MI 123456"";s:8:""show_map"";s:1:""1"";s:8:""location"";s:40:""25.759227231411764,-80.19166588783264,17"";s:7:""gallery"";s:257:""http://basekit.gerasko.dv.ancorathemes.com/wp-content/uploads/2017/02/apartment-3.jpg|http://basekit.gerasko.dv.ancorathemes.com/wp-content/uploads/2017/02/apartment-2.jpg|http://basekit.gerasko.dv.ancorathemes.com/wp-content/uploads/2017/02/apartment-1.jpg"";s:5:""video"";s:0:"""";s:12:""virtual_tour"";s:0:"""";s:11:""attachments"";s:0:"""";s:18:""floor_plans_enable"";i:0;s:11:""floor_plans"";a:1:{i:0;a:6:{s:5:""title"";s:0:"""";s:4:""area"";s:0:"""";s:8:""bedrooms"";s:0:"""";s:9:""bathrooms"";s:0:"""";s:5:""image"";s:0:"""";s:11:""description"";s:0:"""";}}s:10:""agent_type"";s:5:""agent"";s:5:""agent"";s:4:""1770"";}",0,11,,1770,2000,2,4,2,h004,320000,,Villa,"For Rent,For Sale,New Listing","Air Conditioning,Dryer,Laundry,Microwave,Refrigerator,Swimming Pool,WiFi","New,Sale","United States",Maiami,Maiami,,http://basekit.gerasko.dv.ancorathemes.com/wp-content/uploads/2017/02/apartment-1.jpg,apartment-1.jpg,/var/www/vhosts/gerasko.dv.ancorathemes.com/basekit.gerasko.dv.ancorathemes.com/wp-content/uploads/2017/02/apartment-1.jpg,1748,apartment-1,,,,,,,,,,,,publish,1,admin_admin,test@test.com,,,luxury-home-ocean-view,,,0,0,0,open,closed,"February 16, 2017"
1786,"Amazing villa bay front","In est sapien, placerat ut euismod et, vulputate id elit. Cras tempor, mauris sit amet suscipit lacinia, libero tellus consequat risus, eu sodales justo nisl id nisl. Mauris et aliquet nunc. Praesent ac facilisis justo. Nullam dapibus, metus vitae sollicitudin tristique, eros nibh porttitor massa, eu faucibus mauris leo ut metus. Nunc velit enim, scelerisque ac tempus facilisis, iaculis elementum dui. Maecenas sodales eros in purus vulputate posuere. In eget justo eget dolor faucibus porttitor et ut nisl. Duis ut nunc ut nisl eleifend varius. Donec aliquet quam erat, eget interdum odio blandit ultricies. Ut magna tellus, consequat eu mattis sit amet, eleifend eget felis. Phasellus pharetra quam pretium nisl accumsan euismod.

Etiam tellus ipsum, convallis a tellus non, convallis luctus arcu. Cras non aliquam enim. In dictum lorem quis sapien cursus mollis. Nunc ultrices mi eu lacus dignissim faucibus. In varius ultrices diam, ac rhoncus dui euismod a. Quisque ligula nunc, fermentum vel tristique sit amet, ultricies eget justo. Cras dapibus, arcu vel bibendum tempus, odio ex blandit dui, at cursus ante eros id ex. Nullam sit amet quam neque. Nam auctor dictum elit non dignissim. Mauris metus odio, pretium eu sapien ut, sagittis faucibus dui. Phasellus lacus risus, condimentum vel mollis euismod, interdum in diam. In a congue sapien. Nulla eget facilisis augue, in hendrerit neque. Etiam sit amet arcu ut nulla aliquet molestie id vel libero. Morbi fringilla ultrices nulla, vel aliquet turpis tristique id. Quisque non turpis vel ligula pretium tempus.","Mauris et aliquet nunc. Praesent ac facilisis justo. Nullam dapibus, metus vitae sollicitudin tristique, eros nibh porttitor massa, eu faucibus mauris leo ut metus.","February 16, 2017",cpt_properties,http://basekit.gerasko.dv.ancorathemes.com/properties/amazing-villa-bay-front/,,,,,1752,"a:1:{s:10:""vc_grid_id"";a:0:{}}",,false,a:0:{},,,,,0,,,,,0,,,,,,,,,,,,0,,0,0,,default,"a:30:{s:12:""before_price"";s:8:""For rent"";s:5:""price"";s:3:""750"";s:6:""price2"";s:0:"""";s:11:""after_price"";s:11:""$ per month"";s:9:""area_size"";s:3:""150"";s:16:""area_size_prefix"";s:3:""m^2"";s:9:""land_size"";s:0:"""";s:16:""land_size_prefix"";s:0:"""";s:8:""bedrooms"";s:1:""2"";s:9:""bathrooms"";s:1:""1"";s:7:""garages"";s:1:""1"";s:11:""garage_size"";s:0:"""";s:5:""built"";s:4:""2008"";s:2:""id"";s:4:""h005"";s:7:""country"";s:3:""152"";s:5:""state"";s:3:""156"";s:4:""city"";s:3:""161"";s:12:""neighborhood"";s:3:""171"";s:7:""address"";s:21:""123, East 55th street"";s:3:""zip"";s:8:""IL 50056"";s:8:""show_map"";s:1:""1"";s:8:""location"";s:39:""41.79490372935622,-87.59346842765814,16"";s:7:""gallery"";s:374:""http://basekit.gerasko.dv.ancorathemes.com/wp-content/uploads/2017/02/apartment-5.jpg|http://basekit.gerasko.dv.ancorathemes.com/wp-content/uploads/2017/02/apartment-bath-room-1.jpg|http://basekit.gerasko.dv.ancorathemes.com/wp-content/uploads/2017/02/apartment-bed-room-1.jpg|http://basekit.gerasko.dv.ancorathemes.com/wp-content/uploads/2017/02/apartment-living-room-1.jpg"";s:5:""video"";s:0:"""";s:12:""virtual_tour"";s:0:"""";s:11:""attachments"";s:0:"""";s:18:""floor_plans_enable"";i:0;s:11:""floor_plans"";a:1:{i:0;a:6:{s:5:""title"";s:0:"""";s:4:""area"";s:0:"""";s:8:""bedrooms"";s:0:"""";s:9:""bathrooms"";s:0:"""";s:5:""image"";s:0:"""";s:11:""description"";s:0:"""";}}s:10:""agent_type"";s:6:""author"";s:5:""agent"";s:4:""none"";}",0,28,,-1,150,1,2,1,h005,750,,Villa,"For Sale,Reduced price,Resale","Barbeque,Gym,Lawn,Outdoor shower,Sauna,TV Cable",New,"United States",Illinois,Chicago,"Hyde Park",http://basekit.gerasko.dv.ancorathemes.com/wp-content/uploads/2017/02/apartment-5.jpg,apartment-5.jpg,/var/www/vhosts/gerasko.dv.ancorathemes.com/basekit.gerasko.dv.ancorathemes.com/wp-content/uploads/2017/02/apartment-5.jpg,1752,apartment-5,,,,,,,,,,,,publish,1,admin_admin,test@test.com,,,amazing-villa-bay-front,,,0,0,0,open,closed,"February 16, 2017"
1787,"Gorgeous villa","Etiam tellus ipsum, convallis a tellus non, convallis luctus arcu. Cras non aliquam enim. In dictum lorem quis sapien cursus mollis. Nunc ultrices mi eu lacus dignissim faucibus. In varius ultrices diam, ac rhoncus dui euismod a. Quisque ligula nunc, fermentum vel tristique sit amet, ultricies eget justo. Cras dapibus, arcu vel bibendum tempus, odio ex blandit dui, at cursus ante eros id ex. Nullam sit amet quam neque. Nam auctor dictum elit non dignissim. Mauris metus odio, pretium eu sapien ut, sagittis faucibus dui. Phasellus lacus risus, condimentum vel mollis euismod, interdum in diam. In a congue sapien. Nulla eget facilisis augue, in hendrerit neque. Etiam sit amet arcu ut nulla aliquet molestie id vel libero. Morbi fringilla ultrices nulla, vel aliquet turpis tristique id. Quisque non turpis vel ligula pretium tempus.

Nullam faucibus justo ac dui viverra tempor. Aliquam suscipit sagittis eleifend. Duis sed sem elit. Quisque iaculis diam vitae libero molestie, id commodo libero sagittis. Cras rhoncus ligula quis est ullamcorper, eu sodales orci vulputate. Nunc eget libero porttitor neque porttitor tempor rutrum at mauris. Duis elementum diam eu eros vulputate tempor. Pellentesque habitant morbi tristique senectus et netus et malesuada fames ac turpis egestas. Pellentesque habitant morbi tristique senectus et netus et malesuada fames ac turpis egestas.","Cras non aliquam enim. In dictum lorem quis sapien cursus mollis. Nunc ultrices mi eu lacus dignissim faucibus. In varius ultrices diam, ac rhoncus dui euismod a.","February 16, 2017",cpt_properties,http://basekit.gerasko.dv.ancorathemes.com/properties/gorgeous-villa/,,,,,1756,"a:1:{s:10:""vc_grid_id"";a:0:{}}",,false,a:0:{},,,,,0,,,,,0,,,,,,,,,,,,0,,0,0,,default,"a:30:{s:12:""before_price"";s:16:""For Sale or Rent"";s:5:""price"";s:6:""200000"";s:6:""price2"";s:3:""890"";s:11:""after_price"";s:11:""$ per month"";s:9:""area_size"";s:3:""200"";s:16:""area_size_prefix"";s:3:""m^2"";s:9:""land_size"";s:4:""1000"";s:16:""land_size_prefix"";s:3:""m^2"";s:8:""bedrooms"";s:1:""2"";s:9:""bathrooms"";s:1:""1"";s:7:""garages"";s:1:""1"";s:11:""garage_size"";s:7:""100 m^2"";s:5:""built"";s:4:""2016"";s:2:""id"";s:4:""h006"";s:7:""country"";s:3:""152"";s:5:""state"";s:3:""155"";s:4:""city"";s:3:""162"";s:12:""neighborhood"";s:0:"""";s:7:""address"";s:18:""88, Barclay Street"";s:3:""zip"";s:9:""NY 100001"";s:8:""show_map"";s:1:""1"";s:8:""location"";s:39:""40.71356927491112,-74.01106774806976,17"";s:7:""gallery"";s:279:""http://basekit.gerasko.dv.ancorathemes.com/wp-content/uploads/2017/02/apartment-4.jpg|http://basekit.gerasko.dv.ancorathemes.com/wp-content/uploads/2017/02/apartment-bath-room-1.jpg|http://basekit.gerasko.dv.ancorathemes.com/wp-content/uploads/2017/02/apartment-living-room-1.jpg"";s:5:""video"";s:0:"""";s:12:""virtual_tour"";s:0:"""";s:11:""attachments"";s:0:"""";s:18:""floor_plans_enable"";i:0;s:11:""floor_plans"";a:1:{i:0;a:6:{s:5:""title"";s:0:"""";s:4:""area"";s:0:"""";s:8:""bedrooms"";s:0:"""";s:9:""bathrooms"";s:0:"""";s:5:""image"";s:0:"""";s:11:""description"";s:0:"""";}}s:10:""agent_type"";s:5:""agent"";s:5:""agent"";s:4:""1771"";}",,1,,1771,200,1,2,1,h006,200000,,Villa,"For Rent,For Sale,New Building","Air Conditioning,Barbeque,Gym,Laundry,Microwave,Outdoor shower,Sauna,Swimming Pool,WiFi",New,"United States","New York","New York",,http://basekit.gerasko.dv.ancorathemes.com/wp-content/uploads/2017/02/apartment-living-room-2.jpg,apartment-living-room-2.jpg,/var/www/vhosts/gerasko.dv.ancorathemes.com/basekit.gerasko.dv.ancorathemes.com/wp-content/uploads/2017/02/apartment-living-room-2.jpg,1756,apartment-living-room-2,,,,,,,,,,,,publish,1,admin_admin,test@test.com,,,gorgeous-villa,,,0,0,0,open,closed,"February 16, 2017"
1788,"Comfortable family home","Nullam faucibus justo ac dui viverra tempor. Aliquam suscipit sagittis eleifend. Duis sed sem elit. Quisque iaculis diam vitae libero molestie, id commodo libero sagittis. Cras rhoncus ligula quis est ullamcorper, eu sodales orci vulputate. Nunc eget libero porttitor neque porttitor tempor rutrum at mauris. Duis elementum diam eu eros vulputate tempor. Pellentesque habitant morbi tristique senectus et netus et malesuada fames ac turpis egestas. Pellentesque habitant morbi tristique senectus et netus et malesuada fames ac turpis egestas.

Duis bibendum enim arcu, et facilisis dui placerat nec. In nec tellus lorem. In a enim cursus, posuere libero eget, rhoncus metus. Quisque dapibus ultricies accumsan. Proin convallis risus sit amet ligula facilisis viverra eget vitae massa. Nunc consectetur laoreet nisl sit amet euismod. Pellentesque rhoncus sapien neque, sit amet blandit augue pretium eget. Mauris facilisis finibus diam, eu accumsan metus consequat quis. Sed dictum mattis libero nec egestas. Aenean nec ultrices leo, ac accumsan arcu. Nullam eu nibh magna. Ut dictum nisi semper, varius metus id, lobortis enim. Duis iaculis, urna vitae accumsan feugiat, odio dui feugiat sapien, vitae fermentum erat urna quis nunc. Nullam molestie lectus nisi, ut accumsan nulla imperdiet in. Ut varius accumsan nibh, a accumsan dui tempor ac. In hac habitasse platea dictumst.","Duis sed sem elit. Quisque iaculis diam vitae libero molestie, id commodo libero sagittis. Cras rhoncus ligula quis est ullamcorper, eu sodales orci vulputate. Nunc eget libero porttitor neque porttitor tempor rutrum at mauris. ","February 16, 2017",cpt_properties,http://basekit.gerasko.dv.ancorathemes.com/properties/comfortable-family-home/,,,,,1755,"a:1:{s:10:""vc_grid_id"";a:0:{}}",,false,a:0:{},,,,,0,,,,,0,,,,,,,,,,,,0,,0,0,,default,"a:36:{s:12:""before_price"";s:8:""For rent"";s:5:""price"";s:3:""750"";s:6:""price2"";s:0:"""";s:11:""after_price"";s:11:""$ per month"";s:9:""area_size"";s:3:""150"";s:16:""area_size_prefix"";s:3:""m^2"";s:9:""land_size"";s:0:"""";s:16:""land_size_prefix"";s:0:"""";s:8:""bedrooms"";s:1:""3"";s:9:""bathrooms"";s:1:""1"";s:7:""garages"";s:1:""2"";s:11:""garage_size"";s:9:""200 sq.ft"";s:5:""built"";s:4:""2015"";s:2:""id"";s:4:""h007"";s:7:""country"";s:3:""152"";s:5:""state"";s:3:""154"";s:4:""city"";s:3:""163"";s:12:""neighborhood"";s:3:""177"";s:7:""address"";s:14:""45, 4th Avenue"";s:3:""zip"";s:8:""IL 55005"";s:8:""show_map"";s:1:""1"";s:6:""marker"";s:0:"""";s:8:""location"";s:40:""34.04965189315717,-118.31955671310425,14"";s:7:""gallery"";s:279:""http://basekit.gerasko.dv.ancorathemes.com/wp-content/uploads/2017/02/apartment-living-room-2.jpg|http://basekit.gerasko.dv.ancorathemes.com/wp-content/uploads/2017/02/apartment-bath-room-1.jpg|http://basekit.gerasko.dv.ancorathemes.com/wp-content/uploads/2017/02/apartment-4.jpg"";s:5:""video"";s:0:"""";s:17:""video_description"";s:0:"""";s:12:""virtual_tour"";s:0:"""";s:24:""virtual_tour_description"";s:0:"""";s:11:""attachments"";s:0:"""";s:23:""attachments_description"";s:0:"""";s:18:""floor_plans_enable"";i:0;s:11:""floor_plans"";a:1:{i:0;a:6:{s:5:""title"";s:0:"""";s:4:""area"";s:0:"""";s:8:""bedrooms"";s:0:"""";s:9:""bathrooms"";s:0:"""";s:5:""image"";s:0:"""";s:11:""description"";s:0:"""";}}s:14:""details_enable"";i:0;s:7:""details"";a:1:{i:0;a:2:{s:5:""title"";s:0:"""";s:5:""value"";s:0:"""";}}s:10:""agent_type"";s:6:""author"";s:5:""agent"";s:4:""none"";}",0,63,"45, 4th Avenue",-1,150,1,3,2,h007,750,"IL 55005","Multi Family House","For Rent,New Listing,Reduced price","Barbeque,Dryer,Laundry,Lawn,Outdoor shower,Refrigerator,Swimming Pool,TV Cable",Sale,"United States",California,"Los Angelos",Downtown,http://basekit.gerasko.dv.ancorathemes.com/wp-content/uploads/2017/02/apartment-living-room-1.jpg,apartment-living-room-1.jpg,/var/www/vhosts/gerasko.dv.ancorathemes.com/basekit.gerasko.dv.ancorathemes.com/wp-content/uploads/2017/02/apartment-living-room-1.jpg,1755,apartment-living-room-1,,,,,,,,,,,,publish,1,admin_admin,test@test.com,,,comfortable-family-home,,,0,0,0,open,closed,"March 3, 2017"
1789,"Contemporary apartment","Duis bibendum enim arcu, et facilisis dui placerat nec. In nec tellus lorem. In a enim cursus, posuere libero eget, rhoncus metus. Quisque dapibus ultricies accumsan. Proin convallis risus sit amet ligula facilisis viverra eget vitae massa. Nunc consectetur laoreet nisl sit amet euismod. Pellentesque rhoncus sapien neque, sit amet blandit augue pretium eget. Mauris facilisis finibus diam, eu accumsan metus consequat quis. Sed dictum mattis libero nec egestas. Aenean nec ultrices leo, ac accumsan arcu. Nullam eu nibh magna. Ut dictum nisi semper, varius metus id, lobortis enim. Duis iaculis, urna vitae accumsan feugiat, odio dui feugiat sapien, vitae fermentum erat urna quis nunc. Nullam molestie lectus nisi, ut accumsan nulla imperdiet in. Ut varius accumsan nibh, a accumsan dui tempor ac. In hac habitasse platea dictumst.

Nulla semper nisi in sem tincidunt venenatis. In hac habitasse platea dictumst. Aenean condimentum in erat eget dapibus. Praesent odio libero, gravida in diam non, consequat venenatis neque. Class aptent taciti sociosqu ad litora torquent per conubia nostra, per inceptos himenaeos. Lorem ipsum dolor sit amet, consectetur adipiscing elit. In est mauris, efficitur vitae mauris ut, ornare lobortis nulla. Sed euismod tempus leo, eu egestas quam luctus non. Morbi scelerisque commodo cursus. Vestibulum in blandit nibh. Cras neque magna, tincidunt in lectus sed, dictum condimentum mi. Aenean lorem leo, ullamcorper nec maximus sed, sagittis id justo. Sed ac tristique ipsum. Quisque et rutrum leo. Donec efficitur tortor urna, non pulvinar ante pellentesque consequat.","Quisque dapibus ultricies accumsan. Proin convallis risus sit amet ligula facilisis viverra eget vitae massa. Nunc consectetur laoreet nisl sit amet euismod. ","February 16, 2017",cpt_properties,http://basekit.gerasko.dv.ancorathemes.com/properties/contemporary-apartment/,,,,,1757,"a:1:{s:10:""vc_grid_id"";a:0:{}}",,false,a:0:{},,,,,0,,,,,0,,,,,,,,,,,,0,,0,0,,default,"a:35:{s:12:""before_price"";s:0:"""";s:5:""price"";s:6:""150000"";s:6:""price2"";s:3:""150"";s:11:""after_price"";s:10:""per sq.ft."";s:9:""area_size"";s:4:""1000"";s:16:""area_size_prefix"";s:6:""sq.ft."";s:9:""land_size"";s:0:"""";s:16:""land_size_prefix"";s:0:"""";s:8:""bedrooms"";s:1:""4"";s:9:""bathrooms"";s:1:""2"";s:7:""garages"";s:1:""1"";s:11:""garage_size"";s:0:"""";s:5:""built"";s:4:""2000"";s:2:""id"";s:4:""h008"";s:7:""country"";s:3:""153"";s:5:""state"";s:3:""160"";s:4:""city"";s:3:""166"";s:12:""neighborhood"";s:1:""0"";s:7:""address"";s:17:""221, Baker Street"";s:3:""zip"";s:0:"""";s:8:""show_map"";s:1:""1"";s:8:""location"";s:41:""51.50749685127823,-0.13218462467193604,17"";s:7:""gallery"";s:472:""http://basekit.gerasko.dv.ancorathemes.com/wp-content/uploads/2017/02/apartment-studio-room-1.jpg|http://basekit.gerasko.dv.ancorathemes.com/wp-content/uploads/2017/02/apartment-bath-room-1.jpg|http://basekit.gerasko.dv.ancorathemes.com/wp-content/uploads/2017/02/apartment-4.jpg|http://basekit.gerasko.dv.ancorathemes.com/wp-content/uploads/2017/02/apartment-living-room-1.jpg|http://basekit.gerasko.dv.ancorathemes.com/wp-content/uploads/2017/02/apartment-bed-room-1.jpg"";s:5:""video"";s:0:"""";s:17:""video_description"";s:0:"""";s:12:""virtual_tour"";s:0:"""";s:24:""virtual_tour_description"";s:0:"""";s:11:""attachments"";s:0:"""";s:23:""attachments_description"";s:0:"""";s:18:""floor_plans_enable"";i:0;s:11:""floor_plans"";a:1:{i:0;a:6:{s:5:""title"";s:0:"""";s:4:""area"";s:0:"""";s:8:""bedrooms"";s:0:"""";s:9:""bathrooms"";s:0:"""";s:5:""image"";s:0:"""";s:11:""description"";s:0:"""";}}s:14:""details_enable"";i:0;s:7:""details"";a:1:{i:0;a:2:{s:5:""title"";s:0:"""";s:5:""value"";s:0:"""";}}s:10:""agent_type"";s:5:""agent"";s:5:""agent"";s:4:""1770"";}",0,2,"221, Baker Street",1770,1000,2,4,1,h008,150000,,Apartments,"For Sale,New Listing,Reduced price","Barbeque,Dryer,Gym,Microwave,Outdoor shower,Refrigerator,TV Cable,WiFi",New,"Great Britain",England,London,,http://basekit.gerasko.dv.ancorathemes.com/wp-content/uploads/2017/02/apartment-living-room-3.jpg,apartment-living-room-3.jpg,/var/www/vhosts/gerasko.dv.ancorathemes.com/basekit.gerasko.dv.ancorathemes.com/wp-content/uploads/2017/02/apartment-living-room-3.jpg,1757,apartment-living-room-3,,,,,,,,,,,,publish,1,admin_admin,test@test.com,,,contemporary-apartment,,,0,0,0,open,closed,"February 27, 2017"
1790,"Design place apartment","Nulla semper nisi in sem tincidunt venenatis. In hac habitasse platea dictumst. Aenean condimentum in erat eget dapibus. Praesent odio libero, gravida in diam non, consequat venenatis neque. Class aptent taciti sociosqu ad litora torquent per conubia nostra, per inceptos himenaeos. Lorem ipsum dolor sit amet, consectetur adipiscing elit. In est mauris, efficitur vitae mauris ut, ornare lobortis nulla. Sed euismod tempus leo, eu egestas quam luctus non. Morbi scelerisque commodo cursus. Vestibulum in blandit nibh. Cras neque magna, tincidunt in lectus sed, dictum condimentum mi. Aenean lorem leo, ullamcorper nec maximus sed, sagittis id justo. Sed ac tristique ipsum. Quisque et rutrum leo. Donec efficitur tortor urna, non pulvinar ante pellentesque consequat.

Aenean non dapibus mi, ut porta ipsum. Pellentesque congue ante et lorem placerat ullamcorper. Vivamus posuere dolor ac massa finibus, eget interdum dui porta. Etiam fermentum, risus quis pellentesque luctus, dolor metus fermentum ipsum, ut suscipit ante odio eu turpis. Donec fringilla sagittis metus, a auctor dui. Vivamus pellentesque rhoncus mollis. Praesent vitae mollis ligula. Fusce et laoreet elit. Cras erat lectus, laoreet quis mauris ac, feugiat pretium augue. In vitae orci facilisis, vestibulum ex in, hendrerit orci. In a aliquam odio, et blandit mauris. Proin sit amet pretium mi. Nam a elit fringilla, faucibus odio a, pellentesque neque.","Aenean condimentum in erat eget dapibus. Praesent odio libero, gravida in diam non, consequat venenatis neque. Class aptent taciti sociosqu ad litora torquent per conubia nostra, per inceptos himenaeos.","February 16, 2017",cpt_properties,http://basekit.gerasko.dv.ancorathemes.com/properties/design-place-apartment/,,,,,1751,"a:1:{s:10:""vc_grid_id"";a:0:{}}",,false,a:0:{},,,,,0,,,,,0,,,,,,,,,,,,0,,0,0,,default,"a:35:{s:12:""before_price"";s:6:""Resale"";s:5:""price"";s:5:""99000"";s:6:""price2"";s:2:""20"";s:11:""after_price"";s:9:""per night"";s:9:""area_size"";s:3:""120"";s:16:""area_size_prefix"";s:3:""m^2"";s:9:""land_size"";s:3:""200"";s:16:""land_size_prefix"";s:3:""m^2"";s:8:""bedrooms"";s:1:""2"";s:9:""bathrooms"";s:1:""1"";s:7:""garages"";s:1:""1"";s:11:""garage_size"";s:6:""20 m^2"";s:5:""built"";s:4:""1999"";s:2:""id"";s:4:""h009"";s:7:""country"";s:3:""153"";s:5:""state"";s:3:""160"";s:4:""city"";s:3:""167"";s:12:""neighborhood"";s:1:""0"";s:7:""address"";s:15:""80, Forest Gate"";s:3:""zip"";s:0:"""";s:8:""show_map"";s:1:""1"";s:8:""location"";s:41:""53.817159845518404,-3.0348336696624756,16"";s:7:""gallery"";s:372:""http://basekit.gerasko.dv.ancorathemes.com/wp-content/uploads/2017/02/apartment-living-room-2.jpg|http://basekit.gerasko.dv.ancorathemes.com/wp-content/uploads/2017/02/apartment-pool-1.jpg|http://basekit.gerasko.dv.ancorathemes.com/wp-content/uploads/2017/02/apartment-living-room-3.jpg|http://basekit.gerasko.dv.ancorathemes.com/wp-content/uploads/2017/02/apartment-1.jpg"";s:5:""video"";s:0:"""";s:17:""video_description"";s:0:"""";s:12:""virtual_tour"";s:0:"""";s:24:""virtual_tour_description"";s:0:"""";s:11:""attachments"";s:0:"""";s:23:""attachments_description"";s:0:"""";s:18:""floor_plans_enable"";i:0;s:11:""floor_plans"";a:1:{i:0;a:6:{s:5:""title"";s:0:"""";s:4:""area"";s:0:"""";s:8:""bedrooms"";s:0:"""";s:9:""bathrooms"";s:0:"""";s:5:""image"";s:0:"""";s:11:""description"";s:0:"""";}}s:14:""details_enable"";i:0;s:7:""details"";a:1:{i:0;a:2:{s:5:""title"";s:0:"""";s:5:""value"";s:0:"""";}}s:10:""agent_type"";s:5:""agent"";s:5:""agent"";s:4:""1771"";}",0,1,"80, Forest Gate",1771,120,1,2,1,h009,99000,,Apartments,"For Sale,New Building,Resale","Air Conditioning,Gym,Microwave,Sauna,WiFi",Sale,"Great Britain",England,Blackpool,,http://basekit.gerasko.dv.ancorathemes.com/wp-content/uploads/2017/02/apartment-4.jpg,apartment-4.jpg,/var/www/vhosts/gerasko.dv.ancorathemes.com/basekit.gerasko.dv.ancorathemes.com/wp-content/uploads/2017/02/apartment-4.jpg,1751,apartment-4,,,,,,,,,,,,publish,1,admin_admin,test@test.com,,,design-place-apartment,,,0,0,0,open,closed,"February 27, 2017"
1791,"Penthouse apartment","Aenean non dapibus mi, ut porta ipsum. Pellentesque congue ante et lorem placerat ullamcorper. Vivamus posuere dolor ac massa finibus, eget interdum dui porta. Etiam fermentum, risus quis pellentesque luctus, dolor metus fermentum ipsum, ut suscipit ante odio eu turpis. Donec fringilla sagittis metus, a auctor dui. Vivamus pellentesque rhoncus mollis. Praesent vitae mollis ligula. Fusce et laoreet elit. Cras erat lectus, laoreet quis mauris ac, feugiat pretium augue. In vitae orci facilisis, vestibulum ex in, hendrerit orci. In a aliquam odio, et blandit mauris. Proin sit amet pretium mi. Nam a elit fringilla, faucibus odio a, pellentesque neque.

Aenean eu tempus nisl, sed imperdiet lectus. Quisque eu imperdiet libero, nec porta felis. Ut ac sapien viverra, interdum lectus ac, vehicula quam. Morbi iaculis nisl magna, eget facilisis odio cursus varius. Lorem ipsum dolor sit amet, consectetur adipiscing elit. Nulla vulputate tristique elit ut iaculis. Proin placerat congue dui, vel fermentum quam aliquet commodo. Donec cursus eros mollis ipsum venenatis, quis luctus turpis varius. Integer luctus lacinia hendrerit."," Pellentesque congue ante et lorem placerat ullamcorper. Vivamus posuere dolor ac massa finibus, eget interdum dui porta. Etiam fermentum, risus quis pellentesque luctus, dolor metus fermentum ipsum, ut suscipit ante odio eu turpis.","February 16, 2017",cpt_properties,http://basekit.gerasko.dv.ancorathemes.com/properties/penthouse-apartment/,,,,,1750,"a:1:{s:10:""vc_grid_id"";a:0:{}}",,false,a:0:{},,,,,0,,,,,0,,,,,,,,,,,,0,,0,0,,default,"a:35:{s:12:""before_price"";s:8:""For rent"";s:5:""price"";s:4:""1250"";s:6:""price2"";s:0:"""";s:11:""after_price"";s:11:""$ per month"";s:9:""area_size"";s:4:""1200"";s:16:""area_size_prefix"";s:6:""sq.ft."";s:9:""land_size"";s:5:""10000"";s:16:""land_size_prefix"";s:6:""sq.ft."";s:8:""bedrooms"";s:1:""3"";s:9:""bathrooms"";s:1:""2"";s:7:""garages"";s:1:""1"";s:11:""garage_size"";s:0:"""";s:5:""built"";s:4:""2010"";s:2:""id"";s:4:""h010"";s:7:""country"";s:3:""152"";s:5:""state"";s:3:""155"";s:4:""city"";s:3:""162"";s:12:""neighborhood"";s:1:""0"";s:7:""address"";s:19:""20, Chambers Street"";s:3:""zip"";s:9:""NY 100002"";s:8:""show_map"";s:1:""1"";s:8:""location"";s:39:""40.71426484896554,-74.01012897491455,16"";s:7:""gallery"";s:360:""http://basekit.gerasko.dv.ancorathemes.com/wp-content/uploads/2017/02/apartment-2.jpg|http://basekit.gerasko.dv.ancorathemes.com/wp-content/uploads/2017/02/apartment-pool-1.jpg|http://basekit.gerasko.dv.ancorathemes.com/wp-content/uploads/2017/02/apartment-1.jpg|http://basekit.gerasko.dv.ancorathemes.com/wp-content/uploads/2017/02/apartment-living-room-2.jpg"";s:5:""video"";s:0:"""";s:17:""video_description"";s:0:"""";s:12:""virtual_tour"";s:0:"""";s:24:""virtual_tour_description"";s:0:"""";s:11:""attachments"";s:0:"""";s:23:""attachments_description"";s:0:"""";s:18:""floor_plans_enable"";i:0;s:11:""floor_plans"";a:1:{i:0;a:6:{s:5:""title"";s:0:"""";s:4:""area"";s:0:"""";s:8:""bedrooms"";s:0:"""";s:9:""bathrooms"";s:0:"""";s:5:""image"";s:0:"""";s:11:""description"";s:0:"""";}}s:14:""details_enable"";i:0;s:7:""details"";a:1:{i:0;a:2:{s:5:""title"";s:0:"""";s:5:""value"";s:0:"""";}}s:10:""agent_type"";s:5:""agent"";s:5:""agent"";s:4:""1770"";}",0,18,"20, Chambers Street",1770,1200,2,3,1,h010,1250,"NY 100002",Apartments,"For Rent,New Listing,Reduced price","Gym,Outdoor shower,TV Cable",,"United States","New York","New York",,http://basekit.gerasko.dv.ancorathemes.com/wp-content/uploads/2017/02/apartment-3.jpg,apartment-3.jpg,/var/www/vhosts/gerasko.dv.ancorathemes.com/basekit.gerasko.dv.ancorathemes.com/wp-content/uploads/2017/02/apartment-3.jpg,1750,apartment-3,,,,,,,,,,,,publish,1,admin_admin,test@test.com,,,penthouse-apartment,,,0,0,0,open,closed,"February 28, 2017"
1792,"Relaxing apartment bay view","Lorem ipsum dolor sit amet, consectetur adipiscing elit. Cras hendrerit non odio at luctus. Vivamus vel tristique risus. Phasellus viverra ut tortor id sodales. Class aptent taciti sociosqu ad litora torquent per conubia nostra, per inceptos himenaeos. Ut vestibulum ultricies nunc eget placerat. Suspendisse id urna sit amet enim maximus euismod eget eu diam. Aliquam sollicitudin ultricies blandit. Nunc accumsan tortor vel neque aliquet imperdiet.

Etiam tristique erat sit amet augue pharetra rhoncus sed ut sapien. Morbi convallis eu nulla nec ultricies. In euismod erat nec velit bibendum maximus. Donec consequat rutrum magna ac tincidunt. Nunc ut semper nulla. In sollicitudin porttitor est a lacinia. Suspendisse odio felis, euismod sed nunc id, lobortis blandit massa. Pellentesque consectetur lorem quis venenatis dictum. Sed ac bibendum velit. Fusce pellentesque rhoncus neque, non molestie quam interdum a. Aliquam volutpat ipsum vel volutpat mollis. Nulla ante enim, suscipit ut purus et, fermentum convallis turpis.","Cras hendrerit non odio at luctus. Vivamus vel tristique risus. Phasellus viverra ut tortor id sodales. Class aptent taciti sociosqu ad litora torquent per conubia nostra, per inceptos himenaeos","February 16, 2017",cpt_properties,http://basekit.gerasko.dv.ancorathemes.com/properties/relaxing-apartment-bay-view/,,,,,1749,"a:1:{s:10:""vc_grid_id"";a:0:{}}",,false,a:0:{},,a:0:{},,,0,,,,,0,,,,,,,,,,,,0,,0,0,,default,"a:36:{s:12:""before_price"";s:8:""For sale"";s:5:""price"";s:6:""250000"";s:6:""price2"";s:0:"""";s:11:""after_price"";s:1:""$"";s:9:""area_size"";s:3:""150"";s:16:""area_size_prefix"";s:3:""m^2"";s:9:""land_size"";s:3:""300"";s:16:""land_size_prefix"";s:3:""m^2"";s:8:""bedrooms"";s:1:""3"";s:9:""bathrooms"";s:1:""2"";s:7:""garages"";s:1:""1"";s:11:""garage_size"";s:6:""3 auto"";s:5:""built"";s:4:""2015"";s:2:""id"";s:4:""h011"";s:7:""country"";s:3:""153"";s:5:""state"";s:3:""160"";s:4:""city"";s:3:""167"";s:12:""neighborhood"";s:1:""0"";s:7:""address"";s:13:""28, Kent road"";s:3:""zip"";s:0:"""";s:8:""show_map"";s:1:""1"";s:6:""marker"";s:86:""http://basekit.gerasko.dv.ancorathemes.com/wp-content/uploads/2017/03/marker-villa.png"";s:8:""location"";s:39:""53.81008426153689,-3.048652410507202,16"";s:7:""gallery"";s:374:""http://basekit.gerasko.dv.ancorathemes.com/wp-content/uploads/2017/02/apartment-bed-room-1.jpg|http://basekit.gerasko.dv.ancorathemes.com/wp-content/uploads/2017/02/apartment-bath-room-1.jpg|http://basekit.gerasko.dv.ancorathemes.com/wp-content/uploads/2017/02/apartment-4.jpg|http://basekit.gerasko.dv.ancorathemes.com/wp-content/uploads/2017/02/apartment-living-room-3.jpg"";s:5:""video"";s:0:"""";s:17:""video_description"";s:0:"""";s:12:""virtual_tour"";s:0:"""";s:24:""virtual_tour_description"";s:0:"""";s:11:""attachments"";s:0:"""";s:23:""attachments_description"";s:0:"""";s:18:""floor_plans_enable"";i:0;s:11:""floor_plans"";a:1:{i:0;a:6:{s:5:""title"";s:0:"""";s:4:""area"";s:0:"""";s:8:""bedrooms"";s:0:"""";s:9:""bathrooms"";s:0:"""";s:5:""image"";s:0:"""";s:11:""description"";s:0:"""";}}s:14:""details_enable"";i:0;s:7:""details"";a:1:{i:0;a:2:{s:5:""title"";s:0:"""";s:5:""value"";s:0:"""";}}s:10:""agent_type"";s:6:""author"";s:5:""agent"";s:4:""none"";}",0,47,"28, Kent road",-1,150,2,3,1,h011,250000,,Apartments,"For Sale","Dryer,Gym,Microwave,Outdoor shower,Sauna,Swimming Pool,WiFi","New,Sale","Great Britain",England,Blackpool,,http://basekit.gerasko.dv.ancorathemes.com/wp-content/uploads/2017/02/apartment-2.jpg,apartment-2.jpg,/var/www/vhosts/gerasko.dv.ancorathemes.com/basekit.gerasko.dv.ancorathemes.com/wp-content/uploads/2017/02/apartment-2.jpg,1749,apartment-2,,,,,,,,,,,,publish,6,user6,user6@user-mail.net,FName6,LName6,relaxing-apartment-bay-view,,,0,0,0,open,closed,"March 2, 2017"
1793,"Amazing apartment near the beach","Etiam tristique erat sit amet augue pharetra rhoncus sed ut sapien. Morbi convallis eu nulla nec ultricies. In euismod erat nec velit bibendum maximus. Donec consequat rutrum magna ac tincidunt. Nunc ut semper nulla. In sollicitudin porttitor est a lacinia. Suspendisse odio felis, euismod sed nunc id, lobortis blandit massa. Pellentesque consectetur lorem quis venenatis dictum. Sed ac bibendum velit. Fusce pellentesque rhoncus neque, non molestie quam interdum a. Aliquam volutpat ipsum vel volutpat mollis. Nulla ante enim, suscipit ut purus et, fermentum convallis turpis.

Nunc mollis mauris sed rutrum maximus. Sed id bibendum lacus. Quisque mattis porttitor tellus id bibendum. Ut sit amet interdum ligula. Aliquam in rhoncus ligula. Proin consequat velit quam, sed maximus dolor tincidunt id. Proin consectetur, turpis vitae ullamcorper aliquam, nunc ligula vestibulum risus, in tempor eros eros eget urna. Nam sapien orci, auctor et vehicula ut, posuere eu velit. Nulla sed molestie lectus. Duis luctus quis nibh et ullamcorper. Phasellus ut rhoncus nunc. Maecenas sapien nibh, porttitor eu dolor et, fermentum laoreet orci. Fusce fringilla imperdiet ornare.","Morbi convallis eu nulla nec ultricies. In euismod erat nec velit bibendum maximus. Donec consequat rutrum magna ac tincidunt. Nunc ut semper nulla. In sollicitudin porttitor est a lacinia.","February 16, 2017",cpt_properties,http://basekit.gerasko.dv.ancorathemes.com/properties/amazing-apartment-near-the-beach/,a:0:{},,,,1761,"a:1:{s:10:""vc_grid_id"";a:0:{}}",ample-apartment-at-last-floor-2,false,a:0:{},,,true,,0,,,,,0,,,,,,,,,,,,0,,0,0,,default,"a:36:{s:12:""before_price"";s:16:""For Sale or Rent"";s:5:""price"";s:6:""185000"";s:6:""price2"";s:3:""125"";s:11:""after_price"";s:9:""$ for m^2"";s:9:""area_size"";s:4:""1500"";s:16:""area_size_prefix"";s:3:""m^2"";s:9:""land_size"";s:4:""5000"";s:16:""land_size_prefix"";s:3:""m^2"";s:8:""bedrooms"";s:1:""5"";s:9:""bathrooms"";s:1:""5"";s:7:""garages"";s:1:""3"";s:11:""garage_size"";s:0:"""";s:5:""built"";s:4:""2010"";s:2:""id"";s:4:""h012"";s:7:""country"";s:3:""152"";s:5:""state"";s:3:""165"";s:4:""city"";s:3:""164"";s:12:""neighborhood"";s:1:""0"";s:7:""address"";s:14:""12, Point View"";s:3:""zip"";s:9:""MI 123409"";s:8:""show_map"";s:1:""1"";s:6:""marker"";s:0:"""";s:8:""location"";s:40:""25.759097106996396,-80.18928945064545,17"";s:7:""gallery"";s:446:""http://basekit.gerasko.dv.ancorathemes.com/wp-content/uploads/2017/02/apartment-2.jpg|http://basekit.gerasko.dv.ancorathemes.com/wp-content/uploads/2017/02/apartment-3.jpg|http://basekit.gerasko.dv.ancorathemes.com/wp-content/uploads/2017/02/apartment-1.jpg|http://basekit.gerasko.dv.ancorathemes.com/wp-content/uploads/2017/02/apartment-living-room-2.jpg|http://basekit.gerasko.dv.ancorathemes.com/wp-content/uploads/2017/02/apartment-pool-1.jpg"";s:5:""video"";s:0:"""";s:17:""video_description"";s:0:"""";s:12:""virtual_tour"";s:0:"""";s:24:""virtual_tour_description"";s:0:"""";s:11:""attachments"";s:0:"""";s:23:""attachments_description"";s:0:"""";s:18:""floor_plans_enable"";i:0;s:11:""floor_plans"";a:1:{i:0;a:6:{s:5:""title"";s:0:"""";s:4:""area"";s:0:"""";s:8:""bedrooms"";s:0:"""";s:9:""bathrooms"";s:0:"""";s:5:""image"";s:0:"""";s:11:""description"";s:0:"""";}}s:14:""details_enable"";s:1:""1"";s:7:""details"";a:5:{i:0;a:2:{s:5:""title"";s:7:""Deposit"";s:5:""value"";s:3:""20%"";}i:1;a:2:{s:5:""title"";s:9:""Pool size"";s:5:""value"";s:10:""300 sq.ft."";}i:2;a:2:{s:5:""title"";s:12:""Last remodel"";s:5:""value"";s:4:""2008"";}i:3;a:2:{s:5:""title"";s:16:""Additional rooms"";s:5:""value"";s:10:""Guest bath"";}i:4;a:2:{s:5:""title"";s:8:""Equpment"";s:5:""value"";s:11:""Grill - Gas"";}}s:10:""agent_type"";s:5:""agent"";s:5:""agent"";s:4:""1771"";}",0,66,"12, Point View",1771,1500,5,5,3,h012,185000,"MI 123409","Apartments,Multi Family House","For Rent,For Sale,New Listing","Barbeque,Gym,Microwave,Swimming Pool,WiFi","New,Sale","United States",Maiami,Maiami,,http://basekit.gerasko.dv.ancorathemes.com/wp-content/uploads/2017/02/apartment-studio-room-1.jpg,apartment-studio-room-1.jpg,/var/www/vhosts/gerasko.dv.ancorathemes.com/basekit.gerasko.dv.ancorathemes.com/wp-content/uploads/2017/02/apartment-studio-room-1.jpg,1761,apartment-studio-room-1,"The modern style of decorations","The modern style of decorations description","Alter text for the apartment studio",,,,,,,,,publish,1,admin_admin,test@test.com,,,amazing-apartment-near-the-beach,,,0,0,0,open,closed,"July 20, 2018"
